<?xml version="1.0" encoding="UTF-8"?>
<project-private xmlns="http://www.netbeans.org/ns/project-private/1">
    <editor-bookmarks xmlns="http://www.netbeans.org/ns/editor-bookmarks/2" lastBookmarkId="0"/>
    <open-files xmlns="http://www.netbeans.org/ns/projectui-open-files/2">
        <group>
            <file>file:/C:/Users/camil/OneDrive/Documentos/NetBeansProjects/ClasseAbstrata/src/classeabstrata/ContaBancaria.java</file>
            <file>file:/C:/Users/camil/OneDrive/Documentos/NetBeansProjects/ClasseAbstrata/src/classeabstrata/Poupanca.java</file>
            <file>file:/C:/Users/camil/OneDrive/Documentos/NetBeansProjects/ClasseAbstrata/src/classeabstrata/ClasseAbstrata.java</file>
            <file>file:/C:/Users/camil/OneDrive/Documentos/NetBeansProjects/ClasseAbstrata/src/classeabstrata/Corrente.java</file>
            <file>file:/C:/Users/camil/OneDrive/Documentos/NetBeansProjects/ClasseAbstrata/src/classeabstrata/Banco.java</file>
        </group>
    </open-files>
</project-private>
